segment_id,name,description,criteria,created_by,created_at
1,Preventive Care 35-49 - West,Preventive Care audience aged 35-49 in the West region,"{""age_band"": ""35-49"", ""specialty_interest"": ""Preventive Care"", ""region"": ""West"", ""risk_profile"": ""Moderate risk""}",386,2025-11-19T21:43:55
2,Neurology 65+ - West,Neurology audience aged 65+ in the West region,"{""age_band"": ""65+"", ""specialty_interest"": ""Neurology"", ""region"": ""West"", ""risk_profile"": ""Low risk""}",159,2026-01-05T13:50:29
3,Neurology 65+ - Midwest,Neurology audience aged 65+ in the Midwest region,"{""age_band"": ""65+"", ""specialty_interest"": ""Neurology"", ""region"": ""Midwest"", ""risk_profile"": ""High risk""}",485,2025-07-04T13:23:17
4,Preventive Care 65+ - Midwest,Preventive Care audience aged 65+ in the Midwest region,"{""age_band"": ""65+"", ""specialty_interest"": ""Preventive Care"", ""region"": ""Midwest"", ""risk_profile"": ""Moderate risk""}",258,2025-06-01T04:33:47
5,Oncology 65+ - Southeast,Oncology audience aged 65+ in the Southeast region,"{""age_band"": ""65+"", ""specialty_interest"": ""Oncology"", ""region"": ""Southeast"", ""risk_profile"": ""High risk""}",71,2026-02-24T13:56:07
6,Diabetes 50-64 - National,Diabetes audience aged 50-64 in the National region,"{""age_band"": ""50-64"", ""specialty_interest"": ""Diabetes"", ""region"": ""National"", ""risk_profile"": ""Moderate risk""}",448,2025-01-30T19:53:42
7,Cardiology 18-34 - Midwest,Cardiology audience aged 18-34 in the Midwest region,"{""age_band"": ""18-34"", ""specialty_interest"": ""Cardiology"", ""region"": ""Midwest"", ""risk_profile"": ""Low risk""}",391,2024-08-20T00:26:18
8,Preventive Care 50-64 - West,Preventive Care audience aged 50-64 in the West region,"{""age_band"": ""50-64"", ""specialty_interest"": ""Preventive Care"", ""region"": ""West"", ""risk_profile"": ""Low risk""}",426,2025-03-23T07:04:46
9,Neurology 18-34 - Southwest,Neurology audience aged 18-34 in the Southwest region,"{""age_band"": ""18-34"", ""specialty_interest"": ""Neurology"", ""region"": ""Southwest"", ""risk_profile"": ""Moderate risk""}",477,2024-05-08T05:10:06
10,Diabetes 65+ - Southwest,Diabetes audience aged 65+ in the Southwest region,"{""age_band"": ""65+"", ""specialty_interest"": ""Diabetes"", ""region"": ""Southwest"", ""risk_profile"": ""High risk""}",192,2024-10-17T15:13:18
11,Cardiology 65+ - Midwest,Cardiology audience aged 65+ in the Midwest region,"{""age_band"": ""65+"", ""specialty_interest"": ""Cardiology"", ""region"": ""Midwest"", ""risk_profile"": ""Low risk""}",15,2024-12-21T00:42:59
12,Pulmonology 18-34 - Southeast,Pulmonology audience aged 18-34 in the Southeast region,"{""age_band"": ""18-34"", ""specialty_interest"": ""Pulmonology"", ""region"": ""Southeast"", ""risk_profile"": ""Low risk""}",20,2024-11-26T07:49:10
13,Oncology 65+ - National,Oncology audience aged 65+ in the National region,"{""age_band"": ""65+"", ""specialty_interest"": ""Oncology"", ""region"": ""National"", ""risk_profile"": ""Moderate risk""}",230,2025-08-08T10:55:22
14,Cardiology 18-34 - Northeast,Cardiology audience aged 18-34 in the Northeast region,"{""age_band"": ""18-34"", ""specialty_interest"": ""Cardiology"", ""region"": ""Northeast"", ""risk_profile"": ""Moderate risk""}",111,2026-01-26T00:50:25
15,Dermatology 35-49 - Northeast,Dermatology audience aged 35-49 in the Northeast region,"{""age_band"": ""35-49"", ""specialty_interest"": ""Dermatology"", ""region"": ""Northeast"", ""risk_profile"": ""Moderate risk""}",122,2024-12-07T09:51:54
16,Diabetes 18-34 - Southeast,Diabetes audience aged 18-34 in the Southeast region,"{""age_band"": ""18-34"", ""specialty_interest"": ""Diabetes"", ""region"": ""Southeast"", ""risk_profile"": ""Moderate risk""}",328,2025-12-25T03:21:07
17,Cardiology 65+ - Northeast,Cardiology audience aged 65+ in the Northeast region,"{""age_band"": ""65+"", ""specialty_interest"": ""Cardiology"", ""region"": ""Northeast"", ""risk_profile"": ""Moderate risk""}",306,2025-06-07T20:46:00
18,Neurology 18-34 - National,Neurology audience aged 18-34 in the National region,"{""age_band"": ""18-34"", ""specialty_interest"": ""Neurology"", ""region"": ""National"", ""risk_profile"": ""Low risk""}",150,2025-03-16T21:35:34
19,Pulmonology 18-34 - Southeast,Pulmonology audience aged 18-34 in the Southeast region,"{""age_band"": ""18-34"", ""specialty_interest"": ""Pulmonology"", ""region"": ""Southeast"", ""risk_profile"": ""High risk""}",214,2024-09-09T23:47:03
20,Pulmonology 18-34 - Northeast,Pulmonology audience aged 18-34 in the Northeast region,"{""age_band"": ""18-34"", ""specialty_interest"": ""Pulmonology"", ""region"": ""Northeast"", ""risk_profile"": ""High risk""}",279,2025-05-16T13:16:25
21,Dermatology 18-34 - Southwest,Dermatology audience aged 18-34 in the Southwest region,"{""age_band"": ""18-34"", ""specialty_interest"": ""Dermatology"", ""region"": ""Southwest"", ""risk_profile"": ""Low risk""}",326,2025-02-11T23:59:25
22,Primary Care 50-64 - National,Primary Care audience aged 50-64 in the National region,"{""age_band"": ""50-64"", ""specialty_interest"": ""Primary Care"", ""region"": ""National"", ""risk_profile"": ""Low risk""}",183,2025-12-20T23:04:42
23,Pulmonology 18-34 - Southeast,Pulmonology audience aged 18-34 in the Southeast region,"{""age_band"": ""18-34"", ""specialty_interest"": ""Pulmonology"", ""region"": ""Southeast"", ""risk_profile"": ""High risk""}",337,2025-08-18T11:33:31
24,Pulmonology 18-34 - Southeast,Pulmonology audience aged 18-34 in the Southeast region,"{""age_band"": ""18-34"", ""specialty_interest"": ""Pulmonology"", ""region"": ""Southeast"", ""risk_profile"": ""Low risk""}",181,2025-06-15T14:26:02
25,Oncology 50-64 - National,Oncology audience aged 50-64 in the National region,"{""age_band"": ""50-64"", ""specialty_interest"": ""Oncology"", ""region"": ""National"", ""risk_profile"": ""Moderate risk""}",357,2025-04-24T04:28:03
26,Oncology 35-49 - Northeast,Oncology audience aged 35-49 in the Northeast region,"{""age_band"": ""35-49"", ""specialty_interest"": ""Oncology"", ""region"": ""Northeast"", ""risk_profile"": ""High risk""}",398,2025-04-07T23:45:56
27,Primary Care 18-34 - Southeast,Primary Care audience aged 18-34 in the Southeast region,"{""age_band"": ""18-34"", ""specialty_interest"": ""Primary Care"", ""region"": ""Southeast"", ""risk_profile"": ""Low risk""}",406,2024-09-19T10:23:13
28,Pulmonology 18-34 - Midwest,Pulmonology audience aged 18-34 in the Midwest region,"{""age_band"": ""18-34"", ""specialty_interest"": ""Pulmonology"", ""region"": ""Midwest"", ""risk_profile"": ""High risk""}",204,2026-01-10T20:16:15
29,Primary Care 65+ - Northeast,Primary Care audience aged 65+ in the Northeast region,"{""age_band"": ""65+"", ""specialty_interest"": ""Primary Care"", ""region"": ""Northeast"", ""risk_profile"": ""High risk""}",98,2024-11-25T17:29:37
30,Diabetes 50-64 - National,Diabetes audience aged 50-64 in the National region,"{""age_band"": ""50-64"", ""specialty_interest"": ""Diabetes"", ""region"": ""National"", ""risk_profile"": ""Moderate risk""}",140,2024-07-23T04:22:56
31,Dermatology 50-64 - Southwest,Dermatology audience aged 50-64 in the Southwest region,"{""age_band"": ""50-64"", ""specialty_interest"": ""Dermatology"", ""region"": ""Southwest"", ""risk_profile"": ""High risk""}",226,2026-03-13T09:15:05
32,Pulmonology 65+ - Southeast,Pulmonology audience aged 65+ in the Southeast region,"{""age_band"": ""65+"", ""specialty_interest"": ""Pulmonology"", ""region"": ""Southeast"", ""risk_profile"": ""Moderate risk""}",355,2025-05-08T22:30:29
33,Primary Care 50-64 - Northeast,Primary Care audience aged 50-64 in the Northeast region,"{""age_band"": ""50-64"", ""specialty_interest"": ""Primary Care"", ""region"": ""Northeast"", ""risk_profile"": ""High risk""}",218,2024-06-17T19:18:21
34,Oncology 65+ - West,Oncology audience aged 65+ in the West region,"{""age_band"": ""65+"", ""specialty_interest"": ""Oncology"", ""region"": ""West"", ""risk_profile"": ""Moderate risk""}",165,2024-07-06T04:33:49
35,Pulmonology 18-34 - National,Pulmonology audience aged 18-34 in the National region,"{""age_band"": ""18-34"", ""specialty_interest"": ""Pulmonology"", ""region"": ""National"", ""risk_profile"": ""Moderate risk""}",157,2025-03-29T20:28:20
36,Oncology 65+ - National,Oncology audience aged 65+ in the National region,"{""age_band"": ""65+"", ""specialty_interest"": ""Oncology"", ""region"": ""National"", ""risk_profile"": ""Moderate risk""}",180,2025-03-30T19:06:03
37,Pulmonology 18-34 - West,Pulmonology audience aged 18-34 in the West region,"{""age_band"": ""18-34"", ""specialty_interest"": ""Pulmonology"", ""region"": ""West"", ""risk_profile"": ""Moderate risk""}",141,2025-08-27T04:34:18
38,Cardiology 18-34 - National,Cardiology audience aged 18-34 in the National region,"{""age_band"": ""18-34"", ""specialty_interest"": ""Cardiology"", ""region"": ""National"", ""risk_profile"": ""High risk""}",208,2025-01-24T16:36:37
39,Diabetes 35-49 - Southeast,Diabetes audience aged 35-49 in the Southeast region,"{""age_band"": ""35-49"", ""specialty_interest"": ""Diabetes"", ""region"": ""Southeast"", ""risk_profile"": ""High risk""}",348,2025-12-15T08:42:38
40,Diabetes 65+ - Southeast,Diabetes audience aged 65+ in the Southeast region,"{""age_band"": ""65+"", ""specialty_interest"": ""Diabetes"", ""region"": ""Southeast"", ""risk_profile"": ""Low risk""}",121,2025-12-13T04:34:42
41,Pulmonology 50-64 - Southwest,Pulmonology audience aged 50-64 in the Southwest region,"{""age_band"": ""50-64"", ""specialty_interest"": ""Pulmonology"", ""region"": ""Southwest"", ""risk_profile"": ""High risk""}",17,2025-07-31T11:47:06
42,Preventive Care 35-49 - Midwest,Preventive Care audience aged 35-49 in the Midwest region,"{""age_band"": ""35-49"", ""specialty_interest"": ""Preventive Care"", ""region"": ""Midwest"", ""risk_profile"": ""Moderate risk""}",228,2025-12-01T04:55:32
43,Oncology 18-34 - West,Oncology audience aged 18-34 in the West region,"{""age_band"": ""18-34"", ""specialty_interest"": ""Oncology"", ""region"": ""West"", ""risk_profile"": ""Moderate risk""}",204,2024-12-17T16:34:09
44,Neurology 50-64 - Northeast,Neurology audience aged 50-64 in the Northeast region,"{""age_band"": ""50-64"", ""specialty_interest"": ""Neurology"", ""region"": ""Northeast"", ""risk_profile"": ""Low risk""}",377,2024-09-09T00:11:13
45,Dermatology 65+ - West,Dermatology audience aged 65+ in the West region,"{""age_band"": ""65+"", ""specialty_interest"": ""Dermatology"", ""region"": ""West"", ""risk_profile"": ""Low risk""}",135,2025-12-10T10:23:06
46,Preventive Care 50-64 - Southeast,Preventive Care audience aged 50-64 in the Southeast region,"{""age_band"": ""50-64"", ""specialty_interest"": ""Preventive Care"", ""region"": ""Southeast"", ""risk_profile"": ""High risk""}",147,2025-10-08T12:44:12
47,Neurology 65+ - Northeast,Neurology audience aged 65+ in the Northeast region,"{""age_band"": ""65+"", ""specialty_interest"": ""Neurology"", ""region"": ""Northeast"", ""risk_profile"": ""Low risk""}",437,2024-06-14T00:25:48
48,Oncology 65+ - National,Oncology audience aged 65+ in the National region,"{""age_band"": ""65+"", ""specialty_interest"": ""Oncology"", ""region"": ""National"", ""risk_profile"": ""Moderate risk""}",45,2026-01-07T01:03:41
49,Pulmonology 50-64 - National,Pulmonology audience aged 50-64 in the National region,"{""age_band"": ""50-64"", ""specialty_interest"": ""Pulmonology"", ""region"": ""National"", ""risk_profile"": ""Low risk""}",282,2025-06-12T14:48:24
50,Primary Care 50-64 - Southeast,Primary Care audience aged 50-64 in the Southeast region,"{""age_band"": ""50-64"", ""specialty_interest"": ""Primary Care"", ""region"": ""Southeast"", ""risk_profile"": ""High risk""}",364,2026-04-07T18:34:50
51,Pulmonology 35-49 - West,Pulmonology audience aged 35-49 in the West region,"{""age_band"": ""35-49"", ""specialty_interest"": ""Pulmonology"", ""region"": ""West"", ""risk_profile"": ""Low risk""}",63,2024-09-20T14:32:44
52,Neurology 35-49 - Southwest,Neurology audience aged 35-49 in the Southwest region,"{""age_band"": ""35-49"", ""specialty_interest"": ""Neurology"", ""region"": ""Southwest"", ""risk_profile"": ""Low risk""}",185,2025-06-21T19:42:29
53,Preventive Care 50-64 - West,Preventive Care audience aged 50-64 in the West region,"{""age_band"": ""50-64"", ""specialty_interest"": ""Preventive Care"", ""region"": ""West"", ""risk_profile"": ""Low risk""}",314,2026-03-05T07:32:54
54,Cardiology 18-34 - Midwest,Cardiology audience aged 18-34 in the Midwest region,"{""age_band"": ""18-34"", ""specialty_interest"": ""Cardiology"", ""region"": ""Midwest"", ""risk_profile"": ""Moderate risk""}",368,2025-10-27T20:42:06
55,Dermatology 65+ - Southwest,Dermatology audience aged 65+ in the Southwest region,"{""age_band"": ""65+"", ""specialty_interest"": ""Dermatology"", ""region"": ""Southwest"", ""risk_profile"": ""High risk""}",38,2024-07-23T20:15:37
56,Cardiology 50-64 - Southwest,Cardiology audience aged 50-64 in the Southwest region,"{""age_band"": ""50-64"", ""specialty_interest"": ""Cardiology"", ""region"": ""Southwest"", ""risk_profile"": ""Moderate risk""}",349,2025-05-24T08:17:22
57,Oncology 50-64 - West,Oncology audience aged 50-64 in the West region,"{""age_band"": ""50-64"", ""specialty_interest"": ""Oncology"", ""region"": ""West"", ""risk_profile"": ""High risk""}",301,2024-09-05T20:02:19
58,Dermatology 35-49 - West,Dermatology audience aged 35-49 in the West region,"{""age_band"": ""35-49"", ""specialty_interest"": ""Dermatology"", ""region"": ""West"", ""risk_profile"": ""Low risk""}",426,2024-07-22T22:31:51
59,Primary Care 35-49 - Southeast,Primary Care audience aged 35-49 in the Southeast region,"{""age_band"": ""35-49"", ""specialty_interest"": ""Primary Care"", ""region"": ""Southeast"", ""risk_profile"": ""Low risk""}",166,2026-04-13T12:46:34
60,Pulmonology 35-49 - West,Pulmonology audience aged 35-49 in the West region,"{""age_band"": ""35-49"", ""specialty_interest"": ""Pulmonology"", ""region"": ""West"", ""risk_profile"": ""Moderate risk""}",434,2024-06-17T18:03:18
61,Neurology 50-64 - National,Neurology audience aged 50-64 in the National region,"{""age_band"": ""50-64"", ""specialty_interest"": ""Neurology"", ""region"": ""National"", ""risk_profile"": ""High risk""}",141,2024-07-23T17:20:36
62,Cardiology 50-64 - West,Cardiology audience aged 50-64 in the West region,"{""age_band"": ""50-64"", ""specialty_interest"": ""Cardiology"", ""region"": ""West"", ""risk_profile"": ""High risk""}",87,2025-07-21T04:06:32
63,Oncology 35-49 - National,Oncology audience aged 35-49 in the National region,"{""age_band"": ""35-49"", ""specialty_interest"": ""Oncology"", ""region"": ""National"", ""risk_profile"": ""High risk""}",369,2026-03-19T02:30:55
64,Diabetes 50-64 - Northeast,Diabetes audience aged 50-64 in the Northeast region,"{""age_band"": ""50-64"", ""specialty_interest"": ""Diabetes"", ""region"": ""Northeast"", ""risk_profile"": ""Low risk""}",24,2025-08-28T17:33:51
65,Neurology 50-64 - West,Neurology audience aged 50-64 in the West region,"{""age_band"": ""50-64"", ""specialty_interest"": ""Neurology"", ""region"": ""West"", ""risk_profile"": ""Moderate risk""}",317,2025-08-26T19:39:33
66,Preventive Care 18-34 - National,Preventive Care audience aged 18-34 in the National region,"{""age_band"": ""18-34"", ""specialty_interest"": ""Preventive Care"", ""region"": ""National"", ""risk_profile"": ""High risk""}",149,2025-08-29T02:01:08
67,Preventive Care 50-64 - Southeast,Preventive Care audience aged 50-64 in the Southeast region,"{""age_band"": ""50-64"", ""specialty_interest"": ""Preventive Care"", ""region"": ""Southeast"", ""risk_profile"": ""High risk""}",208,2024-12-04T12:34:09
68,Cardiology 65+ - National,Cardiology audience aged 65+ in the National region,"{""age_band"": ""65+"", ""specialty_interest"": ""Cardiology"", ""region"": ""National"", ""risk_profile"": ""Low risk""}",81,2025-03-24T22:50:25
69,Preventive Care 65+ - Southwest,Preventive Care audience aged 65+ in the Southwest region,"{""age_band"": ""65+"", ""specialty_interest"": ""Preventive Care"", ""region"": ""Southwest"", ""risk_profile"": ""Low risk""}",175,2025-08-01T16:58:01
70,Pulmonology 35-49 - National,Pulmonology audience aged 35-49 in the National region,"{""age_band"": ""35-49"", ""specialty_interest"": ""Pulmonology"", ""region"": ""National"", ""risk_profile"": ""Moderate risk""}",376,2026-02-15T02:03:11
71,Dermatology 50-64 - Southeast,Dermatology audience aged 50-64 in the Southeast region,"{""age_band"": ""50-64"", ""specialty_interest"": ""Dermatology"", ""region"": ""Southeast"", ""risk_profile"": ""Moderate risk""}",264,2025-06-27T17:56:15
72,Pulmonology 18-34 - Southeast,Pulmonology audience aged 18-34 in the Southeast region,"{""age_band"": ""18-34"", ""specialty_interest"": ""Pulmonology"", ""region"": ""Southeast"", ""risk_profile"": ""Moderate risk""}",63,2024-11-11T06:02:00
73,Neurology 65+ - Southeast,Neurology audience aged 65+ in the Southeast region,"{""age_band"": ""65+"", ""specialty_interest"": ""Neurology"", ""region"": ""Southeast"", ""risk_profile"": ""Low risk""}",26,2024-11-28T21:56:37
74,Dermatology 65+ - Southeast,Dermatology audience aged 65+ in the Southeast region,"{""age_band"": ""65+"", ""specialty_interest"": ""Dermatology"", ""region"": ""Southeast"", ""risk_profile"": ""Low risk""}",417,2024-12-27T19:50:45
75,Neurology 50-64 - Southeast,Neurology audience aged 50-64 in the Southeast region,"{""age_band"": ""50-64"", ""specialty_interest"": ""Neurology"", ""region"": ""Southeast"", ""risk_profile"": ""Moderate risk""}",264,2025-04-15T02:03:52
76,Primary Care 65+ - Southwest,Primary Care audience aged 65+ in the Southwest region,"{""age_band"": ""65+"", ""specialty_interest"": ""Primary Care"", ""region"": ""Southwest"", ""risk_profile"": ""Low risk""}",47,2025-02-16T22:33:56
77,Neurology 65+ - Southeast,Neurology audience aged 65+ in the Southeast region,"{""age_band"": ""65+"", ""specialty_interest"": ""Neurology"", ""region"": ""Southeast"", ""risk_profile"": ""High risk""}",181,2024-05-25T07:03:12
78,Primary Care 18-34 - Southwest,Primary Care audience aged 18-34 in the Southwest region,"{""age_band"": ""18-34"", ""specialty_interest"": ""Primary Care"", ""region"": ""Southwest"", ""risk_profile"": ""High risk""}",452,2026-02-01T03:51:22
79,Primary Care 65+ - West,Primary Care audience aged 65+ in the West region,"{""age_band"": ""65+"", ""specialty_interest"": ""Primary Care"", ""region"": ""West"", ""risk_profile"": ""Low risk""}",434,2024-07-09T23:53:27
80,Oncology 65+ - Midwest,Oncology audience aged 65+ in the Midwest region,"{""age_band"": ""65+"", ""specialty_interest"": ""Oncology"", ""region"": ""Midwest"", ""risk_profile"": ""High risk""}",188,2025-12-01T19:19:19
81,Pulmonology 65+ - Northeast,Pulmonology audience aged 65+ in the Northeast region,"{""age_band"": ""65+"", ""specialty_interest"": ""Pulmonology"", ""region"": ""Northeast"", ""risk_profile"": ""Moderate risk""}",27,2025-07-04T10:49:13
82,Pulmonology 35-49 - West,Pulmonology audience aged 35-49 in the West region,"{""age_band"": ""35-49"", ""specialty_interest"": ""Pulmonology"", ""region"": ""West"", ""risk_profile"": ""Moderate risk""}",38,2025-02-11T14:03:50
83,Primary Care 65+ - West,Primary Care audience aged 65+ in the West region,"{""age_band"": ""65+"", ""specialty_interest"": ""Primary Care"", ""region"": ""West"", ""risk_profile"": ""High risk""}",313,2024-07-18T18:47:52
84,Cardiology 35-49 - Southwest,Cardiology audience aged 35-49 in the Southwest region,"{""age_band"": ""35-49"", ""specialty_interest"": ""Cardiology"", ""region"": ""Southwest"", ""risk_profile"": ""Moderate risk""}",407,2025-01-05T21:00:29
85,Oncology 50-64 - Southeast,Oncology audience aged 50-64 in the Southeast region,"{""age_band"": ""50-64"", ""specialty_interest"": ""Oncology"", ""region"": ""Southeast"", ""risk_profile"": ""High risk""}",261,2025-02-23T06:23:51
86,Diabetes 18-34 - Northeast,Diabetes audience aged 18-34 in the Northeast region,"{""age_band"": ""18-34"", ""specialty_interest"": ""Diabetes"", ""region"": ""Northeast"", ""risk_profile"": ""Low risk""}",366,2025-01-01T04:19:43
87,Preventive Care 65+ - Southeast,Preventive Care audience aged 65+ in the Southeast region,"{""age_band"": ""65+"", ""specialty_interest"": ""Preventive Care"", ""region"": ""Southeast"", ""risk_profile"": ""High risk""}",458,2025-05-22T21:43:24
88,Pulmonology 35-49 - West,Pulmonology audience aged 35-49 in the West region,"{""age_band"": ""35-49"", ""specialty_interest"": ""Pulmonology"", ""region"": ""West"", ""risk_profile"": ""Moderate risk""}",84,2025-02-16T17:12:15
89,Pulmonology 50-64 - West,Pulmonology audience aged 50-64 in the West region,"{""age_band"": ""50-64"", ""specialty_interest"": ""Pulmonology"", ""region"": ""West"", ""risk_profile"": ""High risk""}",273,2025-05-02T23:24:12
90,Preventive Care 50-64 - Northeast,Preventive Care audience aged 50-64 in the Northeast region,"{""age_band"": ""50-64"", ""specialty_interest"": ""Preventive Care"", ""region"": ""Northeast"", ""risk_profile"": ""Moderate risk""}",170,2025-09-22T20:39:41
91,Dermatology 18-34 - West,Dermatology audience aged 18-34 in the West region,"{""age_band"": ""18-34"", ""specialty_interest"": ""Dermatology"", ""region"": ""West"", ""risk_profile"": ""Moderate risk""}",408,2026-03-16T14:13:59
92,Preventive Care 18-34 - Midwest,Preventive Care audience aged 18-34 in the Midwest region,"{""age_band"": ""18-34"", ""specialty_interest"": ""Preventive Care"", ""region"": ""Midwest"", ""risk_profile"": ""High risk""}",401,2025-12-11T08:42:31
93,Diabetes 35-49 - West,Diabetes audience aged 35-49 in the West region,"{""age_band"": ""35-49"", ""specialty_interest"": ""Diabetes"", ""region"": ""West"", ""risk_profile"": ""Moderate risk""}",88,2025-05-29T16:23:56
94,Oncology 65+ - National,Oncology audience aged 65+ in the National region,"{""age_band"": ""65+"", ""specialty_interest"": ""Oncology"", ""region"": ""National"", ""risk_profile"": ""Low risk""}",17,2025-07-06T05:29:00
95,Neurology 18-34 - Northeast,Neurology audience aged 18-34 in the Northeast region,"{""age_band"": ""18-34"", ""specialty_interest"": ""Neurology"", ""region"": ""Northeast"", ""risk_profile"": ""Moderate risk""}",161,2025-03-08T18:37:50
96,Dermatology 35-49 - National,Dermatology audience aged 35-49 in the National region,"{""age_band"": ""35-49"", ""specialty_interest"": ""Dermatology"", ""region"": ""National"", ""risk_profile"": ""Low risk""}",211,2025-05-12T06:35:36
97,Diabetes 65+ - National,Diabetes audience aged 65+ in the National region,"{""age_band"": ""65+"", ""specialty_interest"": ""Diabetes"", ""region"": ""National"", ""risk_profile"": ""Low risk""}",266,2024-09-25T13:07:46
98,Preventive Care 50-64 - West,Preventive Care audience aged 50-64 in the West region,"{""age_band"": ""50-64"", ""specialty_interest"": ""Preventive Care"", ""region"": ""West"", ""risk_profile"": ""Moderate risk""}",161,2024-08-30T00:21:15
99,Pulmonology 65+ - West,Pulmonology audience aged 65+ in the West region,"{""age_band"": ""65+"", ""specialty_interest"": ""Pulmonology"", ""region"": ""West"", ""risk_profile"": ""Moderate risk""}",347,2025-12-08T02:55:57
100,Preventive Care 50-64 - Southeast,Preventive Care audience aged 50-64 in the Southeast region,"{""age_band"": ""50-64"", ""specialty_interest"": ""Preventive Care"", ""region"": ""Southeast"", ""risk_profile"": ""Low risk""}",143,2025-06-24T23:29:21
101,Neurology 50-64 - Midwest,Neurology audience aged 50-64 in the Midwest region,"{""age_band"": ""50-64"", ""specialty_interest"": ""Neurology"", ""region"": ""Midwest"", ""risk_profile"": ""Moderate risk""}",361,2024-09-25T11:56:17
102,Pulmonology 65+ - Southwest,Pulmonology audience aged 65+ in the Southwest region,"{""age_band"": ""65+"", ""specialty_interest"": ""Pulmonology"", ""region"": ""Southwest"", ""risk_profile"": ""Moderate risk""}",287,2026-04-12T17:26:11
103,Primary Care 50-64 - Northeast,Primary Care audience aged 50-64 in the Northeast region,"{""age_band"": ""50-64"", ""specialty_interest"": ""Primary Care"", ""region"": ""Northeast"", ""risk_profile"": ""High risk""}",347,2025-06-13T09:48:42
104,Dermatology 65+ - Midwest,Dermatology audience aged 65+ in the Midwest region,"{""age_band"": ""65+"", ""specialty_interest"": ""Dermatology"", ""region"": ""Midwest"", ""risk_profile"": ""Low risk""}",149,2024-05-20T04:10:34
105,Cardiology 50-64 - Midwest,Cardiology audience aged 50-64 in the Midwest region,"{""age_band"": ""50-64"", ""specialty_interest"": ""Cardiology"", ""region"": ""Midwest"", ""risk_profile"": ""Moderate risk""}",336,2024-11-02T16:27:43
106,Neurology 65+ - Southeast,Neurology audience aged 65+ in the Southeast region,"{""age_band"": ""65+"", ""specialty_interest"": ""Neurology"", ""region"": ""Southeast"", ""risk_profile"": ""High risk""}",139,2026-04-12T04:49:36
107,Oncology 50-64 - Northeast,Oncology audience aged 50-64 in the Northeast region,"{""age_band"": ""50-64"", ""specialty_interest"": ""Oncology"", ""region"": ""Northeast"", ""risk_profile"": ""High risk""}",380,2025-07-17T07:18:48
108,Neurology 35-49 - Northeast,Neurology audience aged 35-49 in the Northeast region,"{""age_band"": ""35-49"", ""specialty_interest"": ""Neurology"", ""region"": ""Northeast"", ""risk_profile"": ""High risk""}",464,2025-06-03T23:19:51
109,Neurology 35-49 - Northeast,Neurology audience aged 35-49 in the Northeast region,"{""age_band"": ""35-49"", ""specialty_interest"": ""Neurology"", ""region"": ""Northeast"", ""risk_profile"": ""Low risk""}",212,2024-12-30T01:07:09
110,Cardiology 65+ - National,Cardiology audience aged 65+ in the National region,"{""age_band"": ""65+"", ""specialty_interest"": ""Cardiology"", ""region"": ""National"", ""risk_profile"": ""Low risk""}",3,2025-06-18T23:18:55
111,Dermatology 35-49 - National,Dermatology audience aged 35-49 in the National region,"{""age_band"": ""35-49"", ""specialty_interest"": ""Dermatology"", ""region"": ""National"", ""risk_profile"": ""Moderate risk""}",245,2025-09-04T18:55:12
112,Primary Care 35-49 - Midwest,Primary Care audience aged 35-49 in the Midwest region,"{""age_band"": ""35-49"", ""specialty_interest"": ""Primary Care"", ""region"": ""Midwest"", ""risk_profile"": ""Moderate risk""}",331,2024-06-02T10:52:13
113,Neurology 18-34 - West,Neurology audience aged 18-34 in the West region,"{""age_band"": ""18-34"", ""specialty_interest"": ""Neurology"", ""region"": ""West"", ""risk_profile"": ""High risk""}",371,2026-02-06T23:21:28
114,Oncology 18-34 - Southwest,Oncology audience aged 18-34 in the Southwest region,"{""age_band"": ""18-34"", ""specialty_interest"": ""Oncology"", ""region"": ""Southwest"", ""risk_profile"": ""Low risk""}",479,2026-04-01T19:14:07
115,Dermatology 18-34 - Southwest,Dermatology audience aged 18-34 in the Southwest region,"{""age_band"": ""18-34"", ""specialty_interest"": ""Dermatology"", ""region"": ""Southwest"", ""risk_profile"": ""Low risk""}",480,2025-11-20T06:25:53
116,Diabetes 50-64 - Northeast,Diabetes audience aged 50-64 in the Northeast region,"{""age_band"": ""50-64"", ""specialty_interest"": ""Diabetes"", ""region"": ""Northeast"", ""risk_profile"": ""Moderate risk""}",291,2025-07-29T16:41:20
117,Pulmonology 18-34 - Midwest,Pulmonology audience aged 18-34 in the Midwest region,"{""age_band"": ""18-34"", ""specialty_interest"": ""Pulmonology"", ""region"": ""Midwest"", ""risk_profile"": ""Moderate risk""}",329,2025-06-13T11:51:18
118,Oncology 65+ - West,Oncology audience aged 65+ in the West region,"{""age_band"": ""65+"", ""specialty_interest"": ""Oncology"", ""region"": ""West"", ""risk_profile"": ""Moderate risk""}",140,2024-09-14T06:15:53
119,Pulmonology 18-34 - Southeast,Pulmonology audience aged 18-34 in the Southeast region,"{""age_band"": ""18-34"", ""specialty_interest"": ""Pulmonology"", ""region"": ""Southeast"", ""risk_profile"": ""High risk""}",235,2025-09-03T00:54:52
120,Oncology 50-64 - Northeast,Oncology audience aged 50-64 in the Northeast region,"{""age_band"": ""50-64"", ""specialty_interest"": ""Oncology"", ""region"": ""Northeast"", ""risk_profile"": ""High risk""}",173,2025-12-22T16:58:39
121,Neurology 50-64 - Southeast,Neurology audience aged 50-64 in the Southeast region,"{""age_band"": ""50-64"", ""specialty_interest"": ""Neurology"", ""region"": ""Southeast"", ""risk_profile"": ""High risk""}",439,2025-08-26T14:42:42
122,Dermatology 65+ - West,Dermatology audience aged 65+ in the West region,"{""age_band"": ""65+"", ""specialty_interest"": ""Dermatology"", ""region"": ""West"", ""risk_profile"": ""Moderate risk""}",45,2025-02-22T20:04:23
123,Oncology 18-34 - Southeast,Oncology audience aged 18-34 in the Southeast region,"{""age_band"": ""18-34"", ""specialty_interest"": ""Oncology"", ""region"": ""Southeast"", ""risk_profile"": ""Moderate risk""}",166,2026-04-14T09:02:58
124,Diabetes 35-49 - Midwest,Diabetes audience aged 35-49 in the Midwest region,"{""age_band"": ""35-49"", ""specialty_interest"": ""Diabetes"", ""region"": ""Midwest"", ""risk_profile"": ""Moderate risk""}",121,2025-03-30T11:45:13
125,Pulmonology 50-64 - Midwest,Pulmonology audience aged 50-64 in the Midwest region,"{""age_band"": ""50-64"", ""specialty_interest"": ""Pulmonology"", ""region"": ""Midwest"", ""risk_profile"": ""High risk""}",371,2025-07-06T11:12:28
126,Primary Care 18-34 - National,Primary Care audience aged 18-34 in the National region,"{""age_band"": ""18-34"", ""specialty_interest"": ""Primary Care"", ""region"": ""National"", ""risk_profile"": ""Moderate risk""}",355,2024-10-18T00:59:57
127,Cardiology 18-34 - Southwest,Cardiology audience aged 18-34 in the Southwest region,"{""age_band"": ""18-34"", ""specialty_interest"": ""Cardiology"", ""region"": ""Southwest"", ""risk_profile"": ""Moderate risk""}",82,2025-02-26T09:30:48
128,Cardiology 50-64 - National,Cardiology audience aged 50-64 in the National region,"{""age_band"": ""50-64"", ""specialty_interest"": ""Cardiology"", ""region"": ""National"", ""risk_profile"": ""Moderate risk""}",189,2025-08-07T21:26:55
129,Neurology 35-49 - Southeast,Neurology audience aged 35-49 in the Southeast region,"{""age_band"": ""35-49"", ""specialty_interest"": ""Neurology"", ""region"": ""Southeast"", ""risk_profile"": ""Moderate risk""}",79,2025-04-05T21:25:01
130,Dermatology 50-64 - National,Dermatology audience aged 50-64 in the National region,"{""age_band"": ""50-64"", ""specialty_interest"": ""Dermatology"", ""region"": ""National"", ""risk_profile"": ""High risk""}",468,2025-04-18T04:52:17
131,Neurology 35-49 - National,Neurology audience aged 35-49 in the National region,"{""age_band"": ""35-49"", ""specialty_interest"": ""Neurology"", ""region"": ""National"", ""risk_profile"": ""High risk""}",448,2025-12-20T01:39:12
132,Preventive Care 18-34 - West,Preventive Care audience aged 18-34 in the West region,"{""age_band"": ""18-34"", ""specialty_interest"": ""Preventive Care"", ""region"": ""West"", ""risk_profile"": ""High risk""}",186,2024-06-17T03:56:24
133,Diabetes 18-34 - West,Diabetes audience aged 18-34 in the West region,"{""age_band"": ""18-34"", ""specialty_interest"": ""Diabetes"", ""region"": ""West"", ""risk_profile"": ""High risk""}",104,2025-07-06T07:55:58
134,Oncology 35-49 - Midwest,Oncology audience aged 35-49 in the Midwest region,"{""age_band"": ""35-49"", ""specialty_interest"": ""Oncology"", ""region"": ""Midwest"", ""risk_profile"": ""High risk""}",227,2024-07-16T18:52:15
135,Preventive Care 35-49 - Northeast,Preventive Care audience aged 35-49 in the Northeast region,"{""age_band"": ""35-49"", ""specialty_interest"": ""Preventive Care"", ""region"": ""Northeast"", ""risk_profile"": ""High risk""}",229,2026-01-05T15:06:47
136,Preventive Care 18-34 - Southeast,Preventive Care audience aged 18-34 in the Southeast region,"{""age_band"": ""18-34"", ""specialty_interest"": ""Preventive Care"", ""region"": ""Southeast"", ""risk_profile"": ""High risk""}",213,2025-04-07T07:20:26
137,Preventive Care 18-34 - National,Preventive Care audience aged 18-34 in the National region,"{""age_band"": ""18-34"", ""specialty_interest"": ""Preventive Care"", ""region"": ""National"", ""risk_profile"": ""Moderate risk""}",371,2024-05-04T09:49:50
138,Primary Care 65+ - Northeast,Primary Care audience aged 65+ in the Northeast region,"{""age_band"": ""65+"", ""specialty_interest"": ""Primary Care"", ""region"": ""Northeast"", ""risk_profile"": ""High risk""}",112,2025-07-10T16:30:12
139,Diabetes 18-34 - Southwest,Diabetes audience aged 18-34 in the Southwest region,"{""age_band"": ""18-34"", ""specialty_interest"": ""Diabetes"", ""region"": ""Southwest"", ""risk_profile"": ""Moderate risk""}",359,2024-06-06T00:34:15
140,Cardiology 18-34 - Southwest,Cardiology audience aged 18-34 in the Southwest region,"{""age_band"": ""18-34"", ""specialty_interest"": ""Cardiology"", ""region"": ""Southwest"", ""risk_profile"": ""Low risk""}",147,2025-03-01T01:49:55
141,Oncology 35-49 - National,Oncology audience aged 35-49 in the National region,"{""age_band"": ""35-49"", ""specialty_interest"": ""Oncology"", ""region"": ""National"", ""risk_profile"": ""High risk""}",331,2025-03-10T00:06:52
142,Dermatology 50-64 - Southwest,Dermatology audience aged 50-64 in the Southwest region,"{""age_band"": ""50-64"", ""specialty_interest"": ""Dermatology"", ""region"": ""Southwest"", ""risk_profile"": ""Moderate risk""}",193,2024-06-18T19:58:05
143,Pulmonology 35-49 - Northeast,Pulmonology audience aged 35-49 in the Northeast region,"{""age_band"": ""35-49"", ""specialty_interest"": ""Pulmonology"", ""region"": ""Northeast"", ""risk_profile"": ""Low risk""}",276,2025-02-16T19:08:38
144,Neurology 35-49 - Northeast,Neurology audience aged 35-49 in the Northeast region,"{""age_band"": ""35-49"", ""specialty_interest"": ""Neurology"", ""region"": ""Northeast"", ""risk_profile"": ""Low risk""}",153,2025-04-12T03:01:05
145,Dermatology 65+ - Southeast,Dermatology audience aged 65+ in the Southeast region,"{""age_band"": ""65+"", ""specialty_interest"": ""Dermatology"", ""region"": ""Southeast"", ""risk_profile"": ""Low risk""}",236,2025-01-11T08:53:06
146,Primary Care 35-49 - Southeast,Primary Care audience aged 35-49 in the Southeast region,"{""age_band"": ""35-49"", ""specialty_interest"": ""Primary Care"", ""region"": ""Southeast"", ""risk_profile"": ""High risk""}",392,2024-07-14T03:34:35
147,Dermatology 18-34 - West,Dermatology audience aged 18-34 in the West region,"{""age_band"": ""18-34"", ""specialty_interest"": ""Dermatology"", ""region"": ""West"", ""risk_profile"": ""Low risk""}",124,2024-09-24T13:38:23
148,Cardiology 18-34 - West,Cardiology audience aged 18-34 in the West region,"{""age_band"": ""18-34"", ""specialty_interest"": ""Cardiology"", ""region"": ""West"", ""risk_profile"": ""Low risk""}",229,2025-07-25T19:31:05
149,Neurology 18-34 - National,Neurology audience aged 18-34 in the National region,"{""age_band"": ""18-34"", ""specialty_interest"": ""Neurology"", ""region"": ""National"", ""risk_profile"": ""Low risk""}",206,2025-03-24T10:51:35
150,Neurology 35-49 - Northeast,Neurology audience aged 35-49 in the Northeast region,"{""age_band"": ""35-49"", ""specialty_interest"": ""Neurology"", ""region"": ""Northeast"", ""risk_profile"": ""Low risk""}",258,2024-11-28T04:15:41
151,Pulmonology 35-49 - West,Pulmonology audience aged 35-49 in the West region,"{""age_band"": ""35-49"", ""specialty_interest"": ""Pulmonology"", ""region"": ""West"", ""risk_profile"": ""High risk""}",396,2025-09-21T20:54:11
152,Neurology 50-64 - Midwest,Neurology audience aged 50-64 in the Midwest region,"{""age_band"": ""50-64"", ""specialty_interest"": ""Neurology"", ""region"": ""Midwest"", ""risk_profile"": ""Low risk""}",339,2025-05-27T08:49:26
153,Dermatology 35-49 - Midwest,Dermatology audience aged 35-49 in the Midwest region,"{""age_band"": ""35-49"", ""specialty_interest"": ""Dermatology"", ""region"": ""Midwest"", ""risk_profile"": ""Moderate risk""}",32,2025-06-23T21:58:40
154,Dermatology 35-49 - West,Dermatology audience aged 35-49 in the West region,"{""age_band"": ""35-49"", ""specialty_interest"": ""Dermatology"", ""region"": ""West"", ""risk_profile"": ""Moderate risk""}",25,2025-01-10T00:21:27
155,Pulmonology 65+ - National,Pulmonology audience aged 65+ in the National region,"{""age_band"": ""65+"", ""specialty_interest"": ""Pulmonology"", ""region"": ""National"", ""risk_profile"": ""Moderate risk""}",210,2024-08-11T09:37:04
156,Dermatology 50-64 - Southeast,Dermatology audience aged 50-64 in the Southeast region,"{""age_band"": ""50-64"", ""specialty_interest"": ""Dermatology"", ""region"": ""Southeast"", ""risk_profile"": ""High risk""}",243,2024-10-21T15:58:21
157,Primary Care 35-49 - National,Primary Care audience aged 35-49 in the National region,"{""age_band"": ""35-49"", ""specialty_interest"": ""Primary Care"", ""region"": ""National"", ""risk_profile"": ""Low risk""}",413,2025-04-12T03:24:52
158,Dermatology 18-34 - Southwest,Dermatology audience aged 18-34 in the Southwest region,"{""age_band"": ""18-34"", ""specialty_interest"": ""Dermatology"", ""region"": ""Southwest"", ""risk_profile"": ""High risk""}",272,2024-07-30T15:40:12
159,Neurology 65+ - Midwest,Neurology audience aged 65+ in the Midwest region,"{""age_band"": ""65+"", ""specialty_interest"": ""Neurology"", ""region"": ""Midwest"", ""risk_profile"": ""Low risk""}",170,2025-09-01T19:28:15
160,Preventive Care 18-34 - Midwest,Preventive Care audience aged 18-34 in the Midwest region,"{""age_band"": ""18-34"", ""specialty_interest"": ""Preventive Care"", ""region"": ""Midwest"", ""risk_profile"": ""Low risk""}",275,2025-11-01T07:14:16
161,Diabetes 35-49 - Midwest,Diabetes audience aged 35-49 in the Midwest region,"{""age_band"": ""35-49"", ""specialty_interest"": ""Diabetes"", ""region"": ""Midwest"", ""risk_profile"": ""Moderate risk""}",345,2025-07-31T09:26:52
162,Cardiology 18-34 - Southeast,Cardiology audience aged 18-34 in the Southeast region,"{""age_band"": ""18-34"", ""specialty_interest"": ""Cardiology"", ""region"": ""Southeast"", ""risk_profile"": ""High risk""}",371,2025-09-21T00:44:41
163,Preventive Care 35-49 - Southeast,Preventive Care audience aged 35-49 in the Southeast region,"{""age_band"": ""35-49"", ""specialty_interest"": ""Preventive Care"", ""region"": ""Southeast"", ""risk_profile"": ""Moderate risk""}",156,2026-03-24T12:52:45
164,Neurology 18-34 - Southeast,Neurology audience aged 18-34 in the Southeast region,"{""age_band"": ""18-34"", ""specialty_interest"": ""Neurology"", ""region"": ""Southeast"", ""risk_profile"": ""High risk""}",61,2025-11-18T14:50:16
165,Neurology 65+ - National,Neurology audience aged 65+ in the National region,"{""age_band"": ""65+"", ""specialty_interest"": ""Neurology"", ""region"": ""National"", ""risk_profile"": ""High risk""}",361,2024-09-23T08:24:04
166,Neurology 65+ - West,Neurology audience aged 65+ in the West region,"{""age_band"": ""65+"", ""specialty_interest"": ""Neurology"", ""region"": ""West"", ""risk_profile"": ""Moderate risk""}",398,2024-11-23T08:36:21
167,Preventive Care 65+ - West,Preventive Care audience aged 65+ in the West region,"{""age_band"": ""65+"", ""specialty_interest"": ""Preventive Care"", ""region"": ""West"", ""risk_profile"": ""High risk""}",184,2024-12-13T01:24:29
168,Pulmonology 50-64 - West,Pulmonology audience aged 50-64 in the West region,"{""age_band"": ""50-64"", ""specialty_interest"": ""Pulmonology"", ""region"": ""West"", ""risk_profile"": ""Moderate risk""}",239,2024-07-03T02:11:26
169,Pulmonology 65+ - Southeast,Pulmonology audience aged 65+ in the Southeast region,"{""age_band"": ""65+"", ""specialty_interest"": ""Pulmonology"", ""region"": ""Southeast"", ""risk_profile"": ""Moderate risk""}",161,2025-03-05T00:13:03
170,Neurology 18-34 - National,Neurology audience aged 18-34 in the National region,"{""age_band"": ""18-34"", ""specialty_interest"": ""Neurology"", ""region"": ""National"", ""risk_profile"": ""Low risk""}",9,2024-11-06T01:10:54
171,Primary Care 65+ - Southeast,Primary Care audience aged 65+ in the Southeast region,"{""age_band"": ""65+"", ""specialty_interest"": ""Primary Care"", ""region"": ""Southeast"", ""risk_profile"": ""Low risk""}",169,2024-10-13T03:51:28
172,Neurology 65+ - Southwest,Neurology audience aged 65+ in the Southwest region,"{""age_band"": ""65+"", ""specialty_interest"": ""Neurology"", ""region"": ""Southwest"", ""risk_profile"": ""High risk""}",336,2025-10-01T10:27:58
173,Primary Care 50-64 - Southwest,Primary Care audience aged 50-64 in the Southwest region,"{""age_band"": ""50-64"", ""specialty_interest"": ""Primary Care"", ""region"": ""Southwest"", ""risk_profile"": ""High risk""}",329,2025-11-12T23:01:59
174,Preventive Care 65+ - Southeast,Preventive Care audience aged 65+ in the Southeast region,"{""age_band"": ""65+"", ""specialty_interest"": ""Preventive Care"", ""region"": ""Southeast"", ""risk_profile"": ""High risk""}",408,2025-01-16T01:02:22
175,Oncology 35-49 - National,Oncology audience aged 35-49 in the National region,"{""age_band"": ""35-49"", ""specialty_interest"": ""Oncology"", ""region"": ""National"", ""risk_profile"": ""High risk""}",251,2024-09-07T10:53:56
176,Diabetes 18-34 - Northeast,Diabetes audience aged 18-34 in the Northeast region,"{""age_band"": ""18-34"", ""specialty_interest"": ""Diabetes"", ""region"": ""Northeast"", ""risk_profile"": ""High risk""}",25,2025-12-02T04:18:31
177,Dermatology 18-34 - Southeast,Dermatology audience aged 18-34 in the Southeast region,"{""age_band"": ""18-34"", ""specialty_interest"": ""Dermatology"", ""region"": ""Southeast"", ""risk_profile"": ""High risk""}",119,2024-06-09T07:00:51
178,Diabetes 35-49 - Southeast,Diabetes audience aged 35-49 in the Southeast region,"{""age_band"": ""35-49"", ""specialty_interest"": ""Diabetes"", ""region"": ""Southeast"", ""risk_profile"": ""High risk""}",234,2025-02-01T08:57:54
179,Preventive Care 18-34 - National,Preventive Care audience aged 18-34 in the National region,"{""age_band"": ""18-34"", ""specialty_interest"": ""Preventive Care"", ""region"": ""National"", ""risk_profile"": ""Moderate risk""}",9,2024-04-22T15:15:47
180,Diabetes 65+ - Northeast,Diabetes audience aged 65+ in the Northeast region,"{""age_band"": ""65+"", ""specialty_interest"": ""Diabetes"", ""region"": ""Northeast"", ""risk_profile"": ""High risk""}",370,2024-11-16T21:32:18
181,Diabetes 50-64 - West,Diabetes audience aged 50-64 in the West region,"{""age_band"": ""50-64"", ""specialty_interest"": ""Diabetes"", ""region"": ""West"", ""risk_profile"": ""High risk""}",346,2025-03-17T22:27:58
182,Cardiology 35-49 - Northeast,Cardiology audience aged 35-49 in the Northeast region,"{""age_band"": ""35-49"", ""specialty_interest"": ""Cardiology"", ""region"": ""Northeast"", ""risk_profile"": ""High risk""}",77,2024-10-21T15:59:04
183,Primary Care 35-49 - Midwest,Primary Care audience aged 35-49 in the Midwest region,"{""age_band"": ""35-49"", ""specialty_interest"": ""Primary Care"", ""region"": ""Midwest"", ""risk_profile"": ""Moderate risk""}",408,2025-02-19T18:41:08
184,Pulmonology 18-34 - Southwest,Pulmonology audience aged 18-34 in the Southwest region,"{""age_band"": ""18-34"", ""specialty_interest"": ""Pulmonology"", ""region"": ""Southwest"", ""risk_profile"": ""Moderate risk""}",290,2024-10-23T09:43:25
185,Primary Care 35-49 - National,Primary Care audience aged 35-49 in the National region,"{""age_band"": ""35-49"", ""specialty_interest"": ""Primary Care"", ""region"": ""National"", ""risk_profile"": ""Low risk""}",335,2026-02-13T02:21:52
186,Cardiology 18-34 - Southwest,Cardiology audience aged 18-34 in the Southwest region,"{""age_band"": ""18-34"", ""specialty_interest"": ""Cardiology"", ""region"": ""Southwest"", ""risk_profile"": ""Moderate risk""}",194,2025-06-20T19:06:05
187,Diabetes 65+ - National,Diabetes audience aged 65+ in the National region,"{""age_band"": ""65+"", ""specialty_interest"": ""Diabetes"", ""region"": ""National"", ""risk_profile"": ""Low risk""}",360,2024-08-28T14:49:17
188,Preventive Care 18-34 - Southwest,Preventive Care audience aged 18-34 in the Southwest region,"{""age_band"": ""18-34"", ""specialty_interest"": ""Preventive Care"", ""region"": ""Southwest"", ""risk_profile"": ""High risk""}",402,2024-12-30T19:19:54
189,Diabetes 18-34 - Southeast,Diabetes audience aged 18-34 in the Southeast region,"{""age_band"": ""18-34"", ""specialty_interest"": ""Diabetes"", ""region"": ""Southeast"", ""risk_profile"": ""Low risk""}",462,2026-02-20T18:52:18
190,Primary Care 65+ - Northeast,Primary Care audience aged 65+ in the Northeast region,"{""age_band"": ""65+"", ""specialty_interest"": ""Primary Care"", ""region"": ""Northeast"", ""risk_profile"": ""Low risk""}",351,2026-04-06T10:09:05
191,Diabetes 50-64 - Southeast,Diabetes audience aged 50-64 in the Southeast region,"{""age_band"": ""50-64"", ""specialty_interest"": ""Diabetes"", ""region"": ""Southeast"", ""risk_profile"": ""Moderate risk""}",9,2024-09-25T09:42:25
192,Dermatology 35-49 - Northeast,Dermatology audience aged 35-49 in the Northeast region,"{""age_band"": ""35-49"", ""specialty_interest"": ""Dermatology"", ""region"": ""Northeast"", ""risk_profile"": ""Moderate risk""}",84,2025-06-29T12:56:34
193,Dermatology 35-49 - National,Dermatology audience aged 35-49 in the National region,"{""age_band"": ""35-49"", ""specialty_interest"": ""Dermatology"", ""region"": ""National"", ""risk_profile"": ""High risk""}",170,2025-02-09T15:24:43
194,Cardiology 35-49 - West,Cardiology audience aged 35-49 in the West region,"{""age_band"": ""35-49"", ""specialty_interest"": ""Cardiology"", ""region"": ""West"", ""risk_profile"": ""High risk""}",499,2025-01-11T03:17:18
195,Cardiology 18-34 - Southwest,Cardiology audience aged 18-34 in the Southwest region,"{""age_band"": ""18-34"", ""specialty_interest"": ""Cardiology"", ""region"": ""Southwest"", ""risk_profile"": ""Low risk""}",430,2024-06-15T13:04:58
196,Dermatology 50-64 - Midwest,Dermatology audience aged 50-64 in the Midwest region,"{""age_band"": ""50-64"", ""specialty_interest"": ""Dermatology"", ""region"": ""Midwest"", ""risk_profile"": ""Low risk""}",325,2024-11-15T19:11:06
197,Preventive Care 65+ - Southeast,Preventive Care audience aged 65+ in the Southeast region,"{""age_band"": ""65+"", ""specialty_interest"": ""Preventive Care"", ""region"": ""Southeast"", ""risk_profile"": ""Moderate risk""}",284,2025-02-03T02:27:59
198,Oncology 65+ - National,Oncology audience aged 65+ in the National region,"{""age_band"": ""65+"", ""specialty_interest"": ""Oncology"", ""region"": ""National"", ""risk_profile"": ""High risk""}",339,2025-02-06T17:04:08
199,Primary Care 18-34 - Southeast,Primary Care audience aged 18-34 in the Southeast region,"{""age_band"": ""18-34"", ""specialty_interest"": ""Primary Care"", ""region"": ""Southeast"", ""risk_profile"": ""High risk""}",38,2024-06-20T05:17:57
200,Oncology 50-64 - Southwest,Oncology audience aged 50-64 in the Southwest region,"{""age_band"": ""50-64"", ""specialty_interest"": ""Oncology"", ""region"": ""Southwest"", ""risk_profile"": ""High risk""}",402,2025-08-22T20:46:08
